Workbook

Sheet Consolidated 2005-2006
A1: Month-Year | B1: Bunch No | C1: File No | D1: Voucher No | E1: Voucher Date | F1: Pay Center | G1: Emp No | H1: Emp Name | I1: Designation | J1: Basic | K1: Grade Pay | L1: DA | M1: Total (Basic+GP+DA) | N1: Ideal Contribution | O1: DCPS Contribution | P1: Difference in Contribution | Q1: DCPS Loan Recovery Amount | R1: DCPS Loan Inst No | S1: DCPS Loan Total Inst No | T1: Salary Start Date | U1: Salary End Date | V1: Remark | W1: Reason | Y1: March 2006 Remark | Z1: March 2006 Comment | AA1: Comment TRUE / FALSE | AB1: DOJ by Seniority List | AC1: DOJ by ERP System
A2: ='dcpsnov-2005'!A2 -> NOV-2005 | B2: ='dcpsnov-2005'!B2 -> 0 | C2: ='dcpsnov-2005'!C2 -> 0 | D2: ='dcpsnov-2005'!D2 -> 0 | E2: ='dcpsnov-2005'!E2 -> - - | F2: ='dcpsnov-2005'!F2 -> 8761 | G2: ='dcpsnov-2005'!G2 -> 501 | H2: ='dcpsnov-2005'!H2 -> MR SUNIL B BODAKE | ... U2: ='dcpsnov-2005'!U2 -> 38686 | V2: Entry to be Deleted. Checked and Verified. | W2: ='dcpsnov-2005'!W2 -> Old Pension Employee | Y2: =VLOOKUP(F:F,'dcpsmar-2006'!F:W,21,0) -> #REF! | Z2: =VLOOKUP(F:F,'dcpsmar-2006'!F:W,22,0) -> #REF! | AA2: =IF(Y2=V2,TRUE,FALSE) -> #REF! | AB2: =VLOOKUP(F:F,[1]Master!B:U,9,0) -> #N/A | AC2: =VLOOKUP(F:F,'[2]All Employee Master Data'!$A:$E,4,0) -> 01.05.2003 | IY2: Correct Entry. Checked and Verified.
A3: ='dcpsnov-2005'!A3 -> NOV-2005 | B3: ='dcpsnov-2005'!B3 | C3: ='dcpsnov-2005'!C3 | D3: ='dcpsnov-2005'!D3 | E3: ='dcpsnov-2005'!E3 -> - - | F3: ='dcpsnov-2005'!F3 -> 8762 | G3: ='dcpsnov-2005'!G3 -> 3006 | H3: ='dcpsnov-2005'!H3 -> SMT SANGITA J TAMBE | ... W3: ='dcpsnov-2005'!W3 -> Old Pension Employee | Y3: =VLOOKUP(F:F,'dcpsmar-2006'!F:W,21,0) -> #REF! | Z3: =VLOOKUP(F:F,'dcpsmar-2006'!F:W,22,0) -> #REF! | AA3: =IF(Y3=V3,TRUE,FALSE) -> #REF! | AB3: =VLOOKUP(F:F,[1]Master!B:U,9,0) -> #N/A | AC3: =VLOOKUP(F:F,'[2]All Employee Master Data'!$A:$E,4,0) -> 21.09.2002 | IY3: New Entry Added. Checked and Verified.
A4: ='dcpsnov-2005'!A4 -> NOV-2005 | B4: ='dcpsnov-2005'!B4 | C4: ='dcpsnov-2005'!C4 | D4: ='dcpsnov-2005'!D4 | E4: ='dcpsnov-2005'!E4 -> - - | F4: ='dcpsnov-2005'!F4 -> 5914 | G4: ='dcpsnov-2005'!G4 -> 5002 | H4: ='dcpsnov-2005'!H4 -> SMT VARSHA V MALVE | ... W4: ='dcpsnov-2005'!W4 -> Old Pension Employee | Y4: =VLOOKUP(F:F,'dcpsmar-2006'!F:W,21,0) -> #REF! | Z4: =VLOOKUP(F:F,'dcpsmar-2006'!F:W,22,0) -> #REF! | AA4: =IF(Y4=V4,TRUE,FALSE) -> #REF! | AB4: =VLOOKUP(F:F,[1]Master!B:U,9,0) -> 01.01.1996 | AC4: =VLOOKUP(F:F,'[2]All Employee Master Data'!$A:$E,4,0) -> 03.11.2006 | IY4: Entry Updated. Checked and Verified.
A5: ='dcpsdec-2005'!A2 -> DEC-2005 | B5: ='dcpsdec-2005'!B2 -> 31 | C5: ='dcpsdec-2005'!C2 -> 152 | D5: ='dcpsdec-2005'!D2 -> 11612 | E5: ='dcpsdec-2005'!E2 -> 31-12-2005 | F5: ='dcpsdec-2005'!F2 -> 8761 | G5: ='dcpsdec-2005'!G2 -> 501 | H5: ='dcpsdec-2005'!H2 -> MR SUNIL B BODAKE | ... W5: ='dcpsdec-2005'!W2 -> Old Pension Employee | Y5: =VLOOKUP(F:F,'dcpsmar-2006'!F:W,21,0) -> #REF! | Z5: =VLOOKUP(F:F,'dcpsmar-2006'!F:W,22,0) -> #REF! | AA5: =IF(Y5=V5,TRUE,FALSE) -> #REF! | AB5: =VLOOKUP(F:F,[1]Master!B:U,9,0) -> #N/A | AC5: =VLOOKUP(F:F,'[2]All Employee Master Data'!$A:$E,4,0) -> 01.05.2003 | IY5: Entry to be Deleted. Checked and Verified.
A6: ='dcpsdec-2005'!A3 -> DEC-2005 | B6: ='dcpsdec-2005'!B3 -> 31 | C6: ='dcpsdec-2005'!C3 -> 155 | D6: ='dcpsdec-2005'!D3 -> 11753 | E6: ='dcpsdec-2005'!E3 -> 31-12-2005 | F6: ='dcpsdec-2005'!F3 -> 8762 | G6: ='dcpsdec-2005'!G3 -> 3006 | H6: ='dcpsdec-2005'!H3 -> SMT SANGITA J TAMBE | ... W6: ='dcpsdec-2005'!W3 -> Old Pension Employee | Y6: =VLOOKUP(F:F,'dcpsmar-2006'!F:W,21,0) -> #REF! | Z6: =VLOOKUP(F:F,'dcpsmar-2006'!F:W,22,0) -> #REF! | AA6: =IF(Y6=V6,TRUE,FALSE) -> #REF! | AB6: =VLOOKUP(F:F,[1]Master!B:U,9,0) -> #N/A | AC6: =VLOOKUP(F:F,'[2]All Employee Master Data'!$A:$E,4,0) -> 21.09.2002
A7: ='dcpsdec-2005'!A4 -> DEC-2005 | B7: ='dcpsdec-2005'!B4 -> 31 | C7: ='dcpsdec-2005'!C4 -> 152 | D7: ='dcpsdec-2005'!D4 -> 11640 | E7: ='dcpsdec-2005'!E4 -> 31-12-2005 | F7: ='dcpsdec-2005'!F4 -> 5914 | G7: ='dcpsdec-2005'!G4 -> 5002 | H7: ='dcpsdec-2005'!H4 -> SMT VARSHA V MALVE | ... W7: ='dcpsdec-2005'!W4 -> Old Pension Employee | Y7: =VLOOKUP(F:F,'dcpsmar-2006'!F:W,21,0) -> #REF! | Z7: =VLOOKUP(F:F,'dcpsmar-2006'!F:W,22,0) -> #REF! | AA7: =IF(Y7=V7,TRUE,FALSE) -> #REF! | AB7: =VLOOKUP(F:F,[1]Master!B:U,9,0) -> 01.01.1996 | AC7: =VLOOKUP(F:F,'[2]All Employee Master Data'!$A:$E,4,0) -> 03.11.2006
A8: ='dcpsdec-2005'!A5 -> DEC-2005 | B8: ='dcpsdec-2005'!B5 -> 31 | C8: ='dcpsdec-2005'!C5 -> 153 | D8: ='dcpsdec-2005'!D5 -> 11702 | E8: ='dcpsdec-2005'!E5 -> 31-12-2005 | F8: ='dcpsdec-2005'!F5 -> 8767 | G8: ='dcpsdec-2005'!G5 -> 8001 | H8: ='dcpsdec-2005'!H5 -> MR R S MORE | ... W8: ='dcpsdec-2005'!W5 -> Old Pension Employee | Y8: =VLOOKUP(F:F,'dcpsmar-2006'!F:W,21,0) -> #REF! | Z8: =VLOOKUP(F:F,'dcpsmar-2006'!F:W,22,0) -> #REF! | AA8: =IF(Y8=V8,TRUE,FALSE) -> #REF! | AB8: =VLOOKUP(F:F,[1]Master!B:U,9,0) -> #N/A | AC8: =VLOOKUP(F:F,'[2]All Employee Master Data'!$A:$E,4,0) -> 24.12.1999
A9: ='dcpsjan-2006'!A2 -> JAN-2006 | B9: ='dcpsjan-2006'!B2 -> 34 | C9: ='dcpsjan-2006'!C2 -> 167 | D9: ='dcpsjan-2006'!D2 -> 12710 | E9: ='dcpsjan-2006'!E2 -> 31-01-2006 | F9: ='dcpsjan-2006'!F2 -> 8761 | G9: ='dcpsjan-2006'!G2 -> 501 | H9: ='dcpsjan-2006'!H2 -> MR SUNIL B BODAKE | ... W9: ='dcpsjan-2006'!W2 -> Old Pension Employee | Y9: =VLOOKUP(F:F,'dcpsmar-2006'!F:W,21,0) -> #REF! | Z9: =VLOOKUP(F:F,'dcpsmar-2006'!F:W,22,0) -> #REF! | AA9: =IF(Y9=V9,TRUE,FALSE) -> #REF! | AB9: =VLOOKUP(F:F,[1]Master!B:U,9,0) -> #N/A | AC9: =VLOOKUP(F:F,'[2]All Employee Master Data'!$A:$E,4,0) -> 01.05.2003
A10: ='dcpsjan-2006'!A3 -> JAN-2006 | B10: ='dcpsjan-2006'!B3 -> 34 | C10: ='dcpsjan-2006'!C3 -> 170 | D10: ='dcpsjan-2006'!D3 -> 12857 | E10: ='dcpsjan-2006'!E3 -> 31-01-2006 | F10: ='dcpsjan-2006'!F3 -> 8762 | G10: ='dcpsjan-2006'!G3 -> 3006 | H10: ='dcpsjan-2006'!H3 -> SMT SANGITA J TAMBE | ... W10: ='dcpsjan-2006'!W3 -> Old Pension Employee | Y10: =VLOOKUP(F:F,'dcpsmar-2006'!F:W,21,0) -> #REF! | Z10: =VLOOKUP(F:F,'dcpsmar-2006'!F:W,22,0) -> #REF! | AA10: =IF(Y10=V10,TRUE,FALSE) -> #REF! | AB10: =VLOOKUP(F:F,[1]Master!B:U,9,0) -> #N/A | AC10: =VLOOKUP(F:F,'[2]All Employee Master Data'!$A:$E,4,0) -> 21.09.2002
A11: ='dcpsjan-2006'!A4 -> JAN-2006 | B11: ='dcpsjan-2006'!B4 -> 34 | C11: ='dcpsjan-2006'!C4 -> 170 | D11: ='dcpsjan-2006'!D4 -> 12865 | E11: ='dcpsjan-2006'!E4 -> 31-01-2006 | F11: ='dcpsjan-2006'!F4 -> 8776 | G11: ='dcpsjan-2006'!G4 -> 3015 | H11: ='dcpsjan-2006'!H4 -> MR SANTOSH R SAKAT | ... W11: ='dcpsjan-2006'!W4 -> Old Pension Employee | Y11: =VLOOKUP(F:F,'dcpsmar-2006'!F:W,21,0) -> #REF! | Z11: =VLOOKUP(F:F,'dcpsmar-2006'!F:W,22,0) -> #REF! | AA11: =IF(Y11=V11,TRUE,FALSE) -> #REF! | AB11: =VLOOKUP(F:F,[1]Master!B:U,9,0) -> #N/A | AC11: =VLOOKUP(F:F,'[2]All Employee Master Data'!$A:$E,4,0) -> 26.05.2003
A12: ='dcpsjan-2006'!A5 -> JAN-2006 | B12: ='dcpsjan-2006'!B5 -> 34 | C12: ='dcpsjan-2006'!C5 -> 167 | D12: ='dcpsjan-2006'!D5 -> 12738 | E12: ='dcpsjan-2006'!E5 -> 31-01-2006 | F12: ='dcpsjan-2006'!F5 -> 5914 | G12: ='dcpsjan-2006'!G5 -> 5002 | H12: ='dcpsjan-2006'!H5 -> SMT VARSHA V MALVE | ... W12: ='dcpsjan-2006'!W5 -> Old Pension Employee | Y12: =VLOOKUP(F:F,'dcpsmar-2006'!F:W,21,0) -> #REF! | Z12: =VLOOKUP(F:F,'dcpsmar-2006'!F:W,22,0) -> #REF! | AA12: =IF(Y12=V12,TRUE,FALSE) -> #REF! | AB12: =VLOOKUP(F:F,[1]Master!B:U,9,0) -> 01.01.1996 | AC12: =VLOOKUP(F:F,'[2]All Employee Master Data'!$A:$E,4,0) -> 03.11.2006
A13: ='dcpsjan-2006'!A6 -> JAN-2006 | B13: ='dcpsjan-2006'!B6 -> 34 | C13: ='dcpsjan-2006'!C6 -> 168 | D13: ='dcpsjan-2006'!D6 -> 12800 | E13: ='dcpsjan-2006'!E6 -> 31-01-2006 | F13: ='dcpsjan-2006'!F6 -> 8767 | G13: ='dcpsjan-2006'!G6 -> 8001 | H13: ='dcpsjan-2006'!H6 -> MR R S MORE | ... W13: ='dcpsjan-2006'!W6 -> Old Pension Employee | Y13: =VLOOKUP(F:F,'dcpsmar-2006'!F:W,21,0) -> #REF! | Z13: =VLOOKUP(F:F,'dcpsmar-2006'!F:W,22,0) -> #REF! | AA13: =IF(Y13=V13,TRUE,FALSE) -> #REF! | AB13: =VLOOKUP(F:F,[1]Master!B:U,9,0) -> #N/A | AC13: =VLOOKUP(F:F,'[2]All Employee Master Data'!$A:$E,4,0) -> 24.12.1999
A14: ='dcpsfeb-2006'!A2 -> FEB-2006 | B14: ='dcpsfeb-2006'!B2 -> 37 | C14: ='dcpsfeb-2006'!C2 -> 180 | D14: ='dcpsfeb-2006'!D2 -> 13868 | E14: ='dcpsfeb-2006'!E2 -> 28-02-2006 | F14: ='dcpsfeb-2006'!F2 -> 8761 | G14: ='dcpsfeb-2006'!G2 -> 501 | H14: ='dcpsfeb-2006'!H2 -> MR SUNIL B BODAKE | ... W14: ='dcpsfeb-2006'!W2 -> Old Pension Employee | Y14: =VLOOKUP(F:F,'dcpsmar-2006'!F:W,21,0) -> #REF! | Z14: =VLOOKUP(F:F,'dcpsmar-2006'!F:W,22,0) -> #REF! | AA14: =IF(Y14=V14,TRUE,FALSE) -> #REF! | AB14: =VLOOKUP(F:F,[1]Master!B:U,9,0) -> #N/A | AC14: =VLOOKUP(F:F,'[2]All Employee Master Data'!$A:$E,4,0) -> 01.05.2003
A15: ='dcpsfeb-2006'!A3 -> FEB-2006 | B15: ='dcpsfeb-2006'!B3 -> 37 | C15: ='dcpsfeb-2006'!C3 -> 180 | D15: ='dcpsfeb-2006'!D3 -> 13947 | E15: ='dcpsfeb-2006'!E3 -> 28-02-2006 | F15: ='dcpsfeb-2006'!F3 -> 8778 | G15: ='dcpsfeb-2006'!G3 -> 2525 | H15: ='dcpsfeb-2006'!H3 -> 5R.J.S. KURESHI | ... W15: ='dcpsfeb-2006'!W3 -> Old Pension Employee | Y15: =VLOOKUP(F:F,'dcpsmar-2006'!F:W,21,0) -> #REF! | Z15: =VLOOKUP(F:F,'dcpsmar-2006'!F:W,22,0) -> #REF! | AA15: =IF(Y15=V15,TRUE,FALSE) -> #REF! | AB15: =VLOOKUP(F:F,[1]Master!B:U,9,0) -> #N/A | AC15: =VLOOKUP(F:F,'[2]All Employee Master Data'!$A:$E,4,0) -> 01.05.2003
A16: ='dcpsfeb-2006'!A4 -> FEB-2006 | B16: ='dcpsfeb-2006'!B4 -> 37 | C16: ='dcpsfeb-2006'!C4 -> 183 | D16: ='dcpsfeb-2006'!D4 -> 14010 | E16: ='dcpsfeb-2006'!E4 -> 28-02-2006 | F16: ='dcpsfeb-2006'!F4 -> 8762 | G16: ='dcpsfeb-2006'!G4 -> 3006 | H16: ='dcpsfeb-2006'!H4 -> SMT SANGITA J TAMBE | ... W16: ='dcpsfeb-2006'!W4 -> Old Pension Employee | Y16: =VLOOKUP(F:F,'dcpsmar-2006'!F:W,21,0) -> #REF! | Z16: =VLOOKUP(F:F,'dcpsmar-2006'!F:W,22,0) -> #REF! | AA16: =IF(Y16=V16,TRUE,FALSE) -> #REF! | AB16: =VLOOKUP(F:F,[1]Master!B:U,9,0) -> #N/A | AC16: =VLOOKUP(F:F,'[2]All Employee Master Data'!$A:$E,4,0) -> 21.09.2002
A17: ='dcpsfeb-2006'!A5 -> FEB-2006 | B17: ='dcpsfeb-2006'!B5 -> 37 | C17: ='dcpsfeb-2006'!C5 -> 183 | D17: ='dcpsfeb-2006'!D5 -> 14016 | E17: ='dcpsfeb-2006'!E5 -> 28-02-2006 | F17: ='dcpsfeb-2006'!F5 -> 8777 | G17: ='dcpsfeb-2006'!G5 -> 3013 | H17: ='dcpsfeb-2006'!H5 -> SMT PRATIBHA D BAGUL | ... W17: ='dcpsfeb-2006'!W5 -> Old Pension Employee | Y17: =VLOOKUP(F:F,'dcpsmar-2006'!F:W,21,0) -> #REF! | Z17: =VLOOKUP(F:F,'dcpsmar-2006'!F:W,22,0) -> #REF! | AA17: =IF(Y17=V17,TRUE,FALSE) -> #REF! | AB17: =VLOOKUP(F:F,[1]Master!B:U,9,0) -> #N/A | AC17: =VLOOKUP(F:F,'[2]All Employee Master Data'!$A:$E,4,0) -> 24.05.2003
A18: ='dcpsfeb-2006'!A6 -> FEB-2006 | B18: ='dcpsfeb-2006'!B6 -> 37 | C18: ='dcpsfeb-2006'!C6 -> 183 | D18: ='dcpsfeb-2006'!D6 -> 14018 | E18: ='dcpsfeb-2006'!E6 -> 28-02-2006 | F18: ='dcpsfeb-2006'!F6 -> 8776 | G18: ='dcpsfeb-2006'!G6 -> 3015 | H18: ='dcpsfeb-2006'!H6 -> MR SANTOSH D SAKAT | ... W18: ='dcpsfeb-2006'!W6 -> Old Pension Employee | Y18: =VLOOKUP(F:F,'dcpsmar-2006'!F:W,21,0) -> #REF! | Z18: =VLOOKUP(F:F,'dcpsmar-2006'!F:W,22,0) -> #REF! | AA18: =IF(Y18=V18,TRUE,FALSE) -> #REF! | AB18: =VLOOKUP(F:F,[1]Master!B:U,9,0) -> #N/A | AC18: =VLOOKUP(F:F,'[2]All Employee Master Data'!$A:$E,4,0) -> 26.05.2003
A19: ='dcpsfeb-2006'!A7 -> FEB-2006 | B19: ='dcpsfeb-2006'!B7 -> 37 | C19: ='dcpsfeb-2006'!C7 -> 183 | D19: ='dcpsfeb-2006'!D7 -> 14019 | E19: ='dcpsfeb-2006'!E7 -> 28-02-2006 | F19: ='dcpsfeb-2006'!F7 -> 8779 | G19: ='dcpsfeb-2006'!G7 -> 3016 | H19: ='dcpsfeb-2006'!H7 -> MR. SHIVAJI P GAWARE | ... W19: ='dcpsfeb-2006'!W7 -> Old Pension Employee | Y19: =VLOOKUP(F:F,'dcpsmar-2006'!F:W,21,0) -> #REF! | Z19: =VLOOKUP(F:F,'dcpsmar-2006'!F:W,22,0) -> #REF! | AA19: =IF(Y19=V19,TRUE,FALSE) -> #REF! | AB19: =VLOOKUP(F:F,[1]Master!B:U,9,0) -> #N/A | AC19: =VLOOKUP(F:F,'[2]All Employee Master Data'!$A:$E,4,0) -> 09.11.2002
A20: ='dcpsfeb-2006'!A8 -> FEB-2006 | B20: ='dcpsfeb-2006'!B8 -> 37 | C20: ='dcpsfeb-2006'!C8 -> 183 | D20: ='dcpsfeb-2006'!D8 -> 14019 | E20: ='dcpsfeb-2006'!E8 -> 28-02-2006 | F20: ='dcpsfeb-2006'!F8 -> 8780 | G20: ='dcpsfeb-2006'!G8 -> 3016 | H20: ='dcpsfeb-2006'!H8 -> MR. ANIL U GANGURDE | ... W20: ='dcpsfeb-2006'!W8 -> Old Pension Employee | Y20: =VLOOKUP(F:F,'dcpsmar-2006'!F:W,21,0) -> #REF! | Z20: =VLOOKUP(F:F,'dcpsmar-2006'!F:W,22,0) -> #REF! | AA20: =IF(Y20=V20,TRUE,FALSE) -> #REF! | AB20: =VLOOKUP(F:F,[1]Master!B:U,9,0) -> #N/A | AC20: =VLOOKUP(F:F,'[2]All Employee Master Data'!$A:$E,4,0) -> 14.11.2002
A21: ='dcpsfeb-2006'!A9 -> FEB-2006 | B21: ='dcpsfeb-2006'!B9 -> 37 | C21: ='dcpsfeb-2006'!C9 -> 183 | D21: ='dcpsfeb-2006'!D9 -> 14026 | E21: ='dcpsfeb-2006'!E9 -> 28-02-2006 | F21: ='dcpsfeb-2006'!F9 -> 8781 | G21: ='dcpsfeb-2006'!G9 -> 3512 | H21: ='dcpsfeb-2006'!H9 -> MR. DEEPAK A KALE | ... W21: ='dcpsfeb-2006'!W9 -> Old Pension Employee | Y21: =VLOOKUP(F:F,'dcpsmar-2006'!F:W,21,0) -> #REF! | Z21: =VLOOKUP(F:F,'dcpsmar-2006'!F:W,22,0) -> #REF! | AA21: =IF(Y21=V21,TRUE,FALSE) -> #REF! | AB21: =VLOOKUP(F:F,[1]Master!B:U,9,0) -> #N/A | AC21: =VLOOKUP(F:F,'[2]All Employee Master Data'!$A:$E,4,0) -> 05.09.2002
A22: ='dcpsfeb-2006'!A10 -> FEB-2006 | B22: ='dcpsfeb-2006'!B10 -> 37 | C22: ='dcpsfeb-2006'!C10 -> 180 | D22: ='dcpsfeb-2006'!D10 -> 13896 | E22: ='dcpsfeb-2006'!E10 -> 28-02-2006 | F22: ='dcpsfeb-2006'!F10 -> 5914 | G22: ='dcpsfeb-2006'!G10 -> 5002 | H22: ='dcpsfeb-2006'!H10 -> SMT VARSHA V MALVE | ... W22: ='dcpsfeb-2006'!W10 -> Old Pension Employee | Y22: =VLOOKUP(F:F,'dcpsmar-2006'!F:W,21,0) -> #REF! | Z22: =VLOOKUP(F:F,'dcpsmar-2006'!F:W,22,0) -> #REF! | AA22: =IF(Y22=V22,TRUE,FALSE) -> #REF! | AB22: =VLOOKUP(F:F,[1]Master!B:U,9,0) -> 01.01.1996 | AC22: =VLOOKUP(F:F,'[2]All Employee Master Data'!$A:$E,4,0) -> 03.11.2006
A23: ='dcpsfeb-2006'!A11 -> FEB-2006 | B23: ='dcpsfeb-2006'!B11 -> 37 | C23: ='dcpsfeb-2006'!C11 -> 181 | D23: ='dcpsfeb-2006'!D11 -> 13958 | E23: ='dcpsfeb-2006'!E11 -> 28-02-2006 | F23: ='dcpsfeb-2006'!F11 -> 8767 | G23: ='dcpsfeb-2006'!G11 -> 8001 | H23: ='dcpsfeb-2006'!H11 -> MR R S MORE | ... W23: ='dcpsfeb-2006'!W11 -> Old Pension Employee | Y23: =VLOOKUP(F:F,'dcpsmar-2006'!F:W,21,0) -> #REF! | Z23: =VLOOKUP(F:F,'dcpsmar-2006'!F:W,22,0) -> #REF! | AA23: =IF(Y23=V23,TRUE,FALSE) -> #REF! | AB23: =VLOOKUP(F:F,[1]Master!B:U,9,0) -> #N/A | AC23: =VLOOKUP(F:F,'[2]All Employee Master Data'!$A:$E,4,0) -> 24.12.1999
A24: ='dcpsmar-2006'!A2 -> MAR-2006 | B24: ='dcpsmar-2006'!B2 -> 1 | C24: ='dcpsmar-2006'!C2 -> 1 | D24: ='dcpsmar-2006'!D2 -> 3 | E24: ='dcpsmar-2006'!E2 -> 38780 | F24: ='dcpsmar-2006'!F2 -> 8761 | G24: ='dcpsmar-2006'!G2 -> 501 | H24: ='dcpsmar-2006'!H2 -> MR SUNIL B BODAKE | ... W24: ='dcpsmar-2006'!W2 -> Old Pension Employee | Y24: =VLOOKUP(F:F,'dcpsmar-2006'!F:W,21,0) -> #REF! | Z24: =VLOOKUP(F:F,'dcpsmar-2006'!F:W,22,0) -> #REF! | AA24: =IF(Y24=V24,TRUE,FALSE) -> #REF! | AB24: =VLOOKUP(F:F,[1]Master!B:U,9,0) -> #N/A | AC24: =VLOOKUP(F:F,'[2]All Employee Master Data'!$A:$E,4,0) -> 01.05.2003
A25: ='dcpsmar-2006'!A3 -> MAR-2006 | B25: ='dcpsmar-2006'!B3 -> 1 | C25: ='dcpsmar-2006'!C3 -> 2 | D25: ='dcpsmar-2006'!D3 -> 82 | E25: ='dcpsmar-2006'!E3 -> 38780 | F25: ='dcpsmar-2006'!F3 -> 8778 | G25: ='dcpsmar-2006'!G3 -> 2525 | H25: ='dcpsmar-2006'!H3 -> 5R.J.S. KURESHI | ... W25: ='dcpsmar-2006'!W3 -> Old Pension Employee | Y25: =VLOOKUP(F:F,'dcpsmar-2006'!F:W,21,0) -> #REF! | Z25: =VLOOKUP(F:F,'dcpsmar-2006'!F:W,22,0) -> #REF! | AA25: =IF(Y25=V25,TRUE,FALSE) -> #REF! | AB25: =VLOOKUP(F:F,[1]Master!B:U,9,0) -> #N/A | AC25: =VLOOKUP(F:F,'[2]All Employee Master Data'!$A:$E,4,0) -> 01.05.2003
A26: ='dcpsmar-2006'!A4 -> MAR-2006 | B26: ='dcpsmar-2006'!B4 -> 1 | C26: ='dcpsmar-2006'!C4 -> 4 | D26: ='dcpsmar-2006'!D4 -> 144 | E26: ='dcpsmar-2006'!E4 -> 38780 | F26: ='dcpsmar-2006'!F4 -> 8762 | G26: ='dcpsmar-2006'!G4 -> 3006 | H26: ='dcpsmar-2006'!H4 -> SMT SANGITA J TAMBE | ... W26: ='dcpsmar-2006'!W4 -> Old Pension Employee | Y26: =VLOOKUP(F:F,'dcpsmar-2006'!F:W,21,0) -> #REF! | Z26: =VLOOKUP(F:F,'dcpsmar-2006'!F:W,22,0) -> #REF! | AA26: =IF(Y26=V26,TRUE,FALSE) -> #REF! | AB26: =VLOOKUP(F:F,[1]Master!B:U,9,0) -> #N/A | AC26: =VLOOKUP(F:F,'[2]All Employee Master Data'!$A:$E,4,0) -> 21.09.2002
A27: ='dcpsmar-2006'!A5 -> MAR-2006 | B27: ='dcpsmar-2006'!B5 -> 1 | C27: ='dcpsmar-2006'!C5 -> 4 | D27: ='dcpsmar-2006'!D5 -> 146 | E27: ='dcpsmar-2006'!E5 -> 38780 | F27: ='dcpsmar-2006'!F5 -> 8785 | G27: ='dcpsmar-2006'!G5 -> 3009 | H27: ='dcpsmar-2006'!H5 -> MR SANJIT R RIDLON | ... W27: ='dcpsmar-2006'!W5 -> Old Pension Employee | Y27: =VLOOKUP(F:F,'dcpsmar-2006'!F:W,21,0) -> #REF! | Z27: =VLOOKUP(F:F,'dcpsmar-2006'!F:W,22,0) -> #REF! | AA27: =IF(Y27=V27,TRUE,FALSE) -> #REF! | AB27: =VLOOKUP(F:F,[1]Master!B:U,9,0) -> #N/A | AC27: =VLOOKUP(F:F,'[2]All Employee Master Data'!$A:$E,4,0) -> 08.10.2002
A28: ='dcpsmar-2006'!A6 -> MAR-2006 | B28: ='dcpsmar-2006'!B6 -> 1 | C28: ='dcpsmar-2006'!C6 -> 4 | D28: ='dcpsmar-2006'!D6 -> 150 | E28: ='dcpsmar-2006'!E6 -> 38780 | F28: ='dcpsmar-2006'!F6 -> 8777 | G28: ='dcpsmar-2006'!G6 -> 3013 | H28: ='dcpsmar-2006'!H6 -> SMT PRATIBHA D BAGUL | ... W28: ='dcpsmar-2006'!W6 -> Old Pension Employee | Y28: =VLOOKUP(F:F,'dcpsmar-2006'!F:W,21,0) -> #REF! | Z28: =VLOOKUP(F:F,'dcpsmar-2006'!F:W,22,0) -> #REF! | AA28: =IF(Y28=V28,TRUE,FALSE) -> #REF! | AB28: =VLOOKUP(F:F,[1]Master!B:U,9,0) -> #N/A | AC28: =VLOOKUP(F:F,'[2]All Employee Master Data'!$A:$E,4,0) -> 24.05.2003
A29: ='dcpsmar-2006'!A7 -> MAR-2006 | B29: ='dcpsmar-2006'!B7 -> 1 | C29: ='dcpsmar-2006'!C7 -> 4 | D29: ='dcpsmar-2006'!D7 -> 152 | E29: ='dcpsmar-2006'!E7 -> 38780 | F29: ='dcpsmar-2006'!F7 -> 8776 | G29: ='dcpsmar-2006'!G7 -> 3015 | H29: ='dcpsmar-2006'!H7 -> MR SANTOSH D SAKAT | ... W29: ='dcpsmar-2006'!W7 -> Old Pension Employee | Y29: =VLOOKUP(F:F,'dcpsmar-2006'!F:W,21,0) -> #REF! | Z29: =VLOOKUP(F:F,'dcpsmar-2006'!F:W,22,0) -> #REF! | AA29: =IF(Y29=V29,TRUE,FALSE) -> #REF! | AB29: =VLOOKUP(F:F,[1]Master!B:U,9,0) -> #N/A | AC29: =VLOOKUP(F:F,'[2]All Employee Master Data'!$A:$E,4,0) -> 26.05.2003
A30: ='dcpsmar-2006'!A8 -> MAR-2006 | B30: ='dcpsmar-2006'!B8 -> 1 | C30: ='dcpsmar-2006'!C8 -> 4 | D30: ='dcpsmar-2006'!D8 -> 153 | E30: ='dcpsmar-2006'!E8 -> 38780 | F30: ='dcpsmar-2006'!F8 -> 8779 | G30: ='dcpsmar-2006'!G8 -> 3016 | H30: ='dcpsmar-2006'!H8 -> MR. SHIVAJI P GAWARE | ... W30: ='dcpsmar-2006'!W8 -> Old Pension Employee | Y30: =VLOOKUP(F:F,'dcpsmar-2006'!F:W,21,0) -> #REF! | Z30: =VLOOKUP(F:F,'dcpsmar-2006'!F:W,22,0) -> #REF! | AA30: =IF(Y30=V30,TRUE,FALSE) -> #REF! | AB30: =VLOOKUP(F:F,[1]Master!B:U,9,0) -> #N/A | AC30: =VLOOKUP(F:F,'[2]All Employee Master Data'!$A:$E,4,0) -> 09.11.2002
A31: ='dcpsmar-2006'!A9 -> MAR-2006 | B31: ='dcpsmar-2006'!B9 -> 1 | C31: ='dcpsmar-2006'!C9 -> 4 | D31: ='dcpsmar-2006'!D9 -> 153 | E31: ='dcpsmar-2006'!E9 -> 38780 | F31: ='dcpsmar-2006'!F9 -> 8780 | G31: ='dcpsmar-2006'!G9 -> 3016 | H31: ='dcpsmar-2006'!H9 -> MR. ANIL U GANGURDE | ... W31: ='dcpsmar-2006'!W9 -> Old Pension Employee | Y31: =VLOOKUP(F:F,'dcpsmar-2006'!F:W,21,0) -> #REF! | Z31: =VLOOKUP(F:F,'dcpsmar-2006'!F:W,22,0) -> #REF! | AA31: =IF(Y31=V31,TRUE,FALSE) -> #REF! | AB31: =VLOOKUP(F:F,[1]Master!B:U,9,0) -> #N/A | AC31: =VLOOKUP(F:F,'[2]All Employee Master Data'!$A:$E,4,0) -> 14.11.2002
A32: ='dcpsmar-2006'!A10 -> MAR-2006 | B32: ='dcpsmar-2006'!B10 -> 1 | C32: ='dcpsmar-2006'!C10 -> 4 | D32: ='dcpsmar-2006'!D10 -> 21 | E32: ='dcpsmar-2006'!E10 -> 38780 | F32: ='dcpsmar-2006'!F10 -> 8781 | G32: ='dcpsmar-2006'!G10 -> 3512 | H32: ='dcpsmar-2006'!H10 -> MR. DEEPAK A KALE | ... W32: ='dcpsmar-2006'!W10 -> Old Pension Employee | Y32: =VLOOKUP(F:F,'dcpsmar-2006'!F:W,21,0) -> #REF! | Z32: =VLOOKUP(F:F,'dcpsmar-2006'!F:W,22,0) -> #REF! | AA32: =IF(Y32=V32,TRUE,FALSE) -> #REF! | AB32: =VLOOKUP(F:F,[1]Master!B:U,9,0) -> #N/A | AC32: =VLOOKUP(F:F,'[2]All Employee Master Data'!$A:$E,4,0) -> 05.09.2002
A33: ='dcpsmar-2006'!A11 -> MAR-2006 | B33: ='dcpsmar-2006'!B11 -> 1 | C33: ='dcpsmar-2006'!C11 -> 4 | D33: ='dcpsmar-2006'!D11 -> 160 | E33: ='dcpsmar-2006'!E11 -> 38780 | F33: ='dcpsmar-2006'!F11 -> 8787 | G33: ='dcpsmar-2006'!G11 -> 3512 | H33: ='dcpsmar-2006'!H11 -> MR ANIL V SHINDE | ... W33: ='dcpsmar-2006'!W11 -> Old Pension Employee | Y33: =VLOOKUP(F:F,'dcpsmar-2006'!F:W,21,0) -> #REF! | Z33: =VLOOKUP(F:F,'dcpsmar-2006'!F:W,22,0) -> #REF! | AA33: =IF(Y33=V33,TRUE,FALSE) -> #REF! | AB33: =VLOOKUP(F:F,[1]Master!B:U,9,0) -> #N/A | AC33: =VLOOKUP(F:F,'[2]All Employee Master Data'!$A:$E,4,0) -> 05.09.2002
A34: ='dcpsmar-2006'!A12 -> MAR-2006 | B34: ='dcpsmar-2006'!B12 -> 1 | C34: ='dcpsmar-2006'!C12 -> 4 | D34: ='dcpsmar-2006'!D12 -> 160 | E34: ='dcpsmar-2006'!E12 -> 38780 | F34: ='dcpsmar-2006'!F12 -> 8788 | G34: ='dcpsmar-2006'!G12 -> 3512 | H34: ='dcpsmar-2006'!H12 -> MR RAHUL D GAIKWAD | ... W34: ='dcpsmar-2006'!W12 -> Old Pension Employee | Y34: =VLOOKUP(F:F,'dcpsmar-2006'!F:W,21,0) -> #REF! | Z34: =VLOOKUP(F:F,'dcpsmar-2006'!F:W,22,0) -> #REF! | AA34: =IF(Y34=V34,TRUE,FALSE) -> #REF! | AB34: =VLOOKUP(F:F,[1]Master!B:U,9,0) -> #N/A | AC34: =VLOOKUP(F:F,'[2]All Employee Master Data'!$A:$E,4,0) -> 13.09.2002
A35: ='dcpsmar-2006'!A13 -> MAR-2006 | B35: ='dcpsmar-2006'!B13 -> 1 | C35: ='dcpsmar-2006'!C13 -> 4 | D35: ='dcpsmar-2006'!D13 -> 160 | E35: ='dcpsmar-2006'!E13 -> 38780 | F35: ='dcpsmar-2006'!F13 -> 8789 | G35: ='dcpsmar-2006'!G13 -> 3512 | H35: ='dcpsmar-2006'!H13 -> MR SUHAS U NITNAVARE | ... W35: ='dcpsmar-2006'!W13 -> Old Pension Employee | Y35: =VLOOKUP(F:F,'dcpsmar-2006'!F:W,21,0) -> #REF! | Z35: =VLOOKUP(F:F,'dcpsmar-2006'!F:W,22,0) -> #REF! | AA35: =IF(Y35=V35,TRUE,FALSE) -> #REF! | AB35: =VLOOKUP(F:F,[1]Master!B:U,9,0) -> #N/A | AC35: =VLOOKUP(F:F,'[2]All Employee Master Data'!$A:$E,4,0) -> 08.11.2002
... A37: ='dcpsmar-2006'!A15 -> MAR-2006 | B37: ='dcpsmar-2006'!B15 -> 1 | C37: ='dcpsmar-2006'!C15 -> 2 | D37: ='dcpsmar-2006'!D15 -> 93 | E37: ='dcpsmar-2006'!E15 -> 38780 | F37: ='dcpsmar-2006'!F15 -> 8767 | G37: ='dcpsmar-2006'!G15 -> 8001 | H37: ='dcpsmar-2006'!H15 -> MR R S MORE | ... W37: ='dcpsmar-2006'!W15 -> Old Pension Employee | Y37: =VLOOKUP(F:F,'dcpsmar-2006'!F:W,21,0) -> #REF! | Z37: =VLOOKUP(F:F,'dcpsmar-2006'!F:W,22,0) -> #REF! | AA37: =IF(Y37=V37,TRUE,FALSE) -> #REF! | AB37: =VLOOKUP(F:F,[1]Master!B:U,9,0) -> #N/A | AC37: =VLOOKUP(F:F,'[2]All Employee Master Data'!$A:$E,4,0) -> 24.12.1999

Sheet dcpsnov-2005
A1: Month-Year | B1: Bunch No | C1: File No | D1: Voucher No | E1: Voucher Date | F1: Pay Center | G1: Emp No | H1: Emp Name | I1: Designation | J1: Basic | K1: Grade Pay | L1: DA | M1: Total (Basic+GP+DA) | N1: Ideal Contribution | O1: DCPS Contribution | P1: Difference in Contribution | Q1: DCPS Loan Recovery Amount | R1: DCPS Loan Inst No | S1: DCPS Loan Total Inst No | T1: Salary Start Date | U1: Salary End Date | V1: Remark | W1: Reason | Y1: Consolidated 2005-2006 Remark | Z1: Consolidated 2005-2006 Comment | AA1: TRUE / FALSE | AB1: DOJ by Seniority List | AC1: DOJ by ERP System
A2: NOV-2005 | E2: - - | F2: 8761 | G2: 501 | H2: MR SUNIL B BODAKE | I2: DRIVER | J2: 4000 | K2: 2000 | L2: 1260 | M2: 7260 | N2: =ROUND(M2*10%,0) -> 726 | O2: 0 | P2: =O2-N2 -> -726 | Q2: 0 | R2: 0 | S2: 0 | T2: 38657 | U2: 38686 | V2: Entry to be Deleted. Checked and Verified. | W2: Old Pension Employee | Y2: =VLOOKUP(F:F,'Consolidated 2005-2006'!F:W,21,0) -> #REF! | Z2: =VLOOKUP(F:F,'Consolidated 2005-2006'!F:W,22,0) -> #REF! | AA2: =IF(Y2=V2,TRUE,FALSE) -> #REF! | AB2: =VLOOKUP(F:F,[1]Master!B:U,9,0) -> #N/A | AC2: =VLOOKUP(F:F,'[2]All Employee Master Data'!$A:$E,4,0) -> 01.05.2003 | IY2: Correct Entry. Checked and Verified.
A3: NOV-2005 | E3: - - | F3: 8762 | G3: 3006 | H3: SMT SANGITA J TAMBE | I3: SWEEPER | J3: 2750 | K3: 1375 | L3: 866 | M3: 4991 | N3: =ROUND(M3*10%,0) -> 499 | O3: 0 | P3: =O3-N3 -> -499 | Q3: 0 | R3: 0 | S3: 0 | T3: 38657 | U3: 38686 | V3: Entry to be Deleted. Checked and Verified. | W3: Old Pension Employee | Y3: =VLOOKUP(F:F,'Consolidated 2005-2006'!F:W,21,0) -> #REF! | Z3: =VLOOKUP(F:F,'Consolidated 2005-2006'!F:W,22,0) -> #REF! | AA3: =IF(Y3=V3,TRUE,FALSE) -> #REF! | AB3: =VLOOKUP(F:F,[1]Master!B:U,9,0) -> #N/A | AC3: =VLOOKUP(F:F,'[2]All Employee Master Data'!$A:$E,4,0) -> 21.09.2002 | IY3: New Entry Added. Checked and Verified.
A4: NOV-2005 | E4: - - | F4: 5914 | G4: 5002 | H4: SMT VARSHA V MALVE | I4: LAB TECH. | J4: 1400 | K4: 0 | L4: 2842 | M4: 4242 | N4: =ROUND(M4*10%,0) -> 424 | O4: 200 | P4: =O4-N4 -> -224 | Q4: 0 | R4: 0 | S4: 0 | T4: 38657 | U4: 38686 | V4: Entry to be Deleted. Checked and Verified. | W4: Old Pension Employee | Y4: =VLOOKUP(F:F,'Consolidated 2005-2006'!F:W,21,0) -> #REF! | Z4: =VLOOKUP(F:F,'Consolidated 2005-2006'!F:W,22,0) -> #REF! | AA4: =IF(Y4=V4,TRUE,FALSE) -> #REF! | AB4: =VLOOKUP(F:F,[1]Master!B:U,9,0) -> 01.01.1996 | AC4: =VLOOKUP(F:F,'[2]All Employee Master Data'!$A:$E,4,0) -> 03.11.2006 | IY4: Entry Updated. Checked and Verified.
IY5: Entry to be Deleted. Checked and Verified.

Sheet dcpsdec-2005
A1: Month-Year | B1: Bunch No | C1: File No | D1: Voucher No | E1: Voucher Date | F1: Pay Center | G1: Emp No | H1: Emp Name | I1: Designation | J1: Basic | K1: Grade Pay | L1: DA | M1: Total (Basic+GP+DA) | N1: Ideal Contribution | O1: DCPS Contribution | P1: Difference in Contribution | Q1: DCPS Loan Recovery Amount | R1: DCPS Loan Inst No | S1: DCPS Loan Total Inst No | T1: Salary Start Date | U1: Salary End Date | V1: Remark | W1: Reason | Y1: Nov 2005 Remark | Z1: Nov 2005 Comment | AA1: TRUE / FALSE | AB1: DOJ by Seniority List | AC1: DOJ by ERP System
A2: DEC-2005 | B2: 31 | C2: 152 | D2: 11612 | E2: 31-12-2005 | F2: 8761 | G2: 501 | H2: MR SUNIL B BODAKE | I2: DRIVER | J2: 4000 | K2: 2000 | L2: 1260 | M2: 7260 | N2: =ROUND(M2*10%,0) -> 726 | O2: 0 | P2: =O2-N2 -> -726 | Q2: 0 | R2: 0 | S2: 0 | T2: 38687 | U2: 38717 | V2: Entry to be Deleted. Checked and Verified. | W2: Old Pension Employee | Y2: =VLOOKUP(F:F,'dcpsnov-2005'!F:W,21,0) -> #REF! | Z2: =VLOOKUP(F:F,'dcpsnov-2005'!F:W,22,0) -> #REF! | AA2: =IF(Y2=V2,TRUE,FALSE) -> #REF! | AB2: =VLOOKUP(F:F,[1]Master!B:U,9,0) -> #N/A | AC2: =VLOOKUP(F:F,'[2]All Employee Master Data'!$A:$E,4,0) -> 01.05.2003 | IY2: Correct Entry. Checked and Verified.
A3: DEC-2005 | B3: 31 | C3: 155 | D3: 11753 | E3: 31-12-2005 | F3: 8762 | G3: 3006 | H3: SMT SANGITA J TAMBE | I3: SWEEPER | J3: 2750 | K3: 1375 | L3: 866 | M3: 4991 | N3: =ROUND(M3*10%,0) -> 499 | O3: 0 | P3: =O3-N3 -> -499 | Q3: 0 | R3: 0 | S3: 0 | T3: 38687 | U3: 38717 | V3: Entry to be Deleted. Checked and Verified. | W3: Old Pension Employee | Y3: =VLOOKUP(F:F,'dcpsnov-2005'!F:W,21,0) -> #REF! | Z3: =VLOOKUP(F:F,'dcpsnov-2005'!F:W,22,0) -> #REF! | AA3: =IF(Y3=V3,TRUE,FALSE) -> #REF! | AB3: =VLOOKUP(F:F,[1]Master!B:U,9,0) -> #N/A | AC3: =VLOOKUP(F:F,'[2]All Employee Master Data'!$A:$E,4,0) -> 21.09.2002 | IY3: New Entry Added. Checked and Verified.
A4: DEC-2005 | B4: 31 | C4: 152 | D4: 11640 | E4: 31-12-2005 | F4: 5914 | G4: 5002 | H4: SMT VARSHA V MALVE | I4: LAB TECH. | J4: 1400 | K4: 0 | L4: 2842 | M4: 4242 | N4: =ROUND(M4*10%,0) -> 424 | O4: 200 | P4: =O4-N4 -> -224 | Q4: 0 | R4: 0 | S4: 0 | T4: 38687 | U4: 38717 | V4: Entry to be Deleted. Checked and Verified. | W4: Old Pension Employee | Y4: =VLOOKUP(F:F,'dcpsnov-2005'!F:W,21,0) -> #REF! | Z4: =VLOOKUP(F:F,'dcpsnov-2005'!F:W,22,0) -> #REF! | AA4: =IF(Y4=V4,TRUE,FALSE) -> #REF! | AB4: =VLOOKUP(F:F,[1]Master!B:U,9,0) -> 01.01.1996 | AC4: =VLOOKUP(F:F,'[2]All Employee Master Data'!$A:$E,4,0) -> 03.11.2006 | IY4: Entry Updated. Checked and Verified.
A5: DEC-2005 | B5: 31 | C5: 153 | D5: 11702 | E5: 31-12-2005 | F5: 8767 | G5: 8001 | H5: MR R S MORE | I5: CLERK | J5: 4500 | K5: 2250 | L5: 1418 | M5: 8168 | N5: =ROUND(M5*10%,0) -> 817 | O5: 500 | P5: =O5-N5 -> -317 | Q5: 485 | R5: 6 | S5: 20 | T5: 38687 | U5: 38717 | V5: Entry to be Deleted. Checked and Verified. | W5: Old Pension Employee | Y5: =VLOOKUP(F:F,'dcpsnov-2005'!F:W,21,0) -> #N/A | Z5: =VLOOKUP(F:F,'dcpsnov-2005'!F:W,22,0) -> #N/A | AA5: =IF(Y5=V5,TRUE,FALSE) -> #N/A | AB5: =VLOOKUP(F:F,[1]Master!B:U,9,0) -> #N/A | AC5: =VLOOKUP(F:F,'[2]All Employee Master Data'!$A:$E,4,0) -> 24.12.1999 | IY5: Entry to be Deleted. Checked and Verified.

Sheet dcpsjan-2006
A1: Month-Year | B1: Bunch No | C1: File No | D1: Voucher No | E1: Voucher Date | F1: Pay Center | G1: Emp No | H1: Emp Name | I1: Designation | J1: Basic | K1: Grade Pay | L1: DA | M1: Total (Basic+GP+DA) | N1: Ideal Contribution | O1: DCPS Contribution | P1: Difference in Contribution | Q1: DCPS Loan Recovery Amount | R1: DCPS Loan Inst No | S1: DCPS Loan Total Inst No | T1: Salary Start Date | U1: Salary End Date | V1: Remark | W1: Reason | Y1: Dec 2005 Remark | Z1: Dec 2005 Comment | AA1: TRUE / FALSE | AB1: DOJ by Seniority List | AC1: DOJ by ERP System
A2: JAN-2006 | B2: 34 | C2: 167 | D2: 12710 | E2: 31-01-2006 | F2: 8761 | G2: 501 | H2: MR SUNIL B BODAKE | I2: DRIVER | J2: 4000 | K2: 2000 | L2: 1260 | M2: 7260 | N2: =ROUND(M2*10%,0) -> 726 | O2: 0 | P2: =O2-N2 -> -726 | Q2: 0 | R2: 0 | S2: 0 | T2: 38718 | U2: 38748 | V2: Entry to be Deleted. Checked and Verified. | W2: Old Pension Employee | Y2: =VLOOKUP(F:F,'dcpsdec-2005'!F:W,21,0) -> #REF! | Z2: =VLOOKUP(F:F,'dcpsdec-2005'!F:W,22,0) -> #REF! | AA2: =IF(Y2=V2,TRUE,FALSE) -> #REF! | AB2: =VLOOKUP(F:F,[1]Master!B:U,9,0) -> #N/A | AC2: =VLOOKUP(F:F,'[2]All Employee Master Data'!$A:$E,4,0) -> 01.05.2003 | IY2: Correct Entry. Checked and Verified.
A3: JAN-2006 | B3: 34 | C3: 170 | D3: 12857 | E3: 31-01-2006 | F3: 8762 | G3: 3006 | H3: SMT SANGITA J TAMBE | I3: SWEEPER | J3: 2750 | K3: 1375 | L3: 866 | M3: 4991 | N3: =ROUND(M3*10%,0) -> 499 | O3: 0 | P3: =O3-N3 -> -499 | Q3: 0 | R3: 0 | S3: 0 | T3: 38718 | U3: 38748 | V3: Entry to be Deleted. Checked and Verified. | W3: Old Pension Employee | Y3: =VLOOKUP(F:F,'dcpsdec-2005'!F:W,21,0) -> #REF! | Z3: =VLOOKUP(F:F,'dcpsdec-2005'!F:W,22,0) -> #REF! | AA3: =IF(Y3=V3,TRUE,FALSE) -> #REF! | AB3: =VLOOKUP(F:F,[1]Master!B:U,9,0) -> #N/A | AC3: =VLOOKUP(F:F,'[2]All Employee Master Data'!$A:$E,4,0) -> 21.09.2002 | IY3: New Entry Added. Checked and Verified.
A4: JAN-2006 | B4: 34 | C4: 170 | D4: 12865 | E4: 31-01-2006 | F4: 8776 | G4: 3015 | H4: MR SANTOSH R SAKAT | I4: SWEEPER | J4: 2820 | K4: 1410 | L4: 888 | M4: 5118 | N4: =ROUND(M4*10%,0) -> 512 | O4: 0 | P4: =O4-N4 -> -512 | Q4: 0 | R4: 0 | S4: 0 | T4: 38718 | U4: 38748 | V4: Entry to be Deleted. Checked and Verified. | W4: Old Pension Employee | Y4: =VLOOKUP(F:F,'dcpsdec-2005'!F:W,21,0) -> #N/A | Z4: =VLOOKUP(F:F,'dcpsdec-2005'!F:W,22,0) -> #N/A | AA4: =IF(Y4=V4,TRUE,FALSE) -> #N/A | AB4: =VLOOKUP(F:F,[1]Master!B:U,9,0) -> #N/A | AC4: =VLOOKUP(F:F,'[2]All Employee Master Data'!$A:$E,4,0) -> 26.05.2003 | IY4: Entry Updated. Checked and Verified.
A5: JAN-2006 | B5: 34 | C5: 167 | D5: 12738 | E5: 31-01-2006 | F5: 5914 | G5: 5002 | H5: SMT VARSHA V MALVE | I5: LAB TECH. | J5: 1400 | K5: 371 | L5: 2842 | M5: 4613 | N5: =ROUND(M5*10%,0) -> 461 | O5: 200 | P5: =O5-N5 -> -261 | Q5: 0 | R5: 0 | S5: 0 | T5: 38718 | U5: 38748 | V5: Entry to be Deleted. Checked and Verified. | W5: Old Pension Employee | Y5: =VLOOKUP(F:F,'dcpsdec-2005'!F:W,21,0) -> #REF! | Z5: =VLOOKUP(F:F,'dcpsdec-2005'!F:W,22,0) -> #REF! | AA5: =IF(Y5=V5,TRUE,FALSE) -> #REF! | AB5: =VLOOKUP(F:F,[1]Master!B:U,9,0) -> 01.01.1996 | AC5: =VLOOKUP(F:F,'[2]All Employee Master Data'!$A:$E,4,0) -> 03.11.2006 | IY5: Entry to be Deleted. Checked and Verified.
A6: JAN-2006 | B6: 34 | C6: 168 | D6: 12800 | E6: 31-01-2006 | F6: 8767 | G6: 8001 | H6: MR R S MORE | I6: CLERK | J6: 4600 | K6: 2300 | L6: 1449 | M6: 8349 | N6: =ROUND(M6*10%,0) -> 835 | O6: 500 | P6: =O6-N6 -> -335 | Q6: 485 | R6: 7 | S6: 20 | T6: 38718 | U6: 38748 | V6: Entry to be Deleted. Checked and Verified. | W6: Old Pension Employee | Y6: =VLOOKUP(F:F,'dcpsdec-2005'!F:W,21,0) -> #REF! | Z6: =VLOOKUP(F:F,'dcpsdec-2005'!F:W,22,0) -> #REF! | AA6: =IF(Y6=V6,TRUE,FALSE) -> #REF! | AB6: =VLOOKUP(F:F,[1]Master!B:U,9,0) -> #N/A | AC6: =VLOOKUP(F:F,'[2]All Employee Master Data'!$A:$E,4,0) -> 24.12.1999

Sheet dcpsfeb-2006
A1: Month-Year | B1: Bunch No | C1: File No | D1: Voucher No | E1: Voucher Date | F1: Pay Center | G1: Emp No | H1: Emp Name | I1: Designation | J1: Basic | K1: Grade Pay | L1: DA | M1: Total (Basic+GP+DA) | N1: Ideal Contribution | O1: DCPS Contribution | P1: Difference in Contribution | Q1: DCPS Loan Recovery Amount | R1: DCPS Loan Inst No | S1: DCPS Loan Total Inst No | T1: Salary Start Date | U1: Salary End Date | V1: Remark | W1: Reason | Y1: Jan 2006 Remark | Z1: Jan 2006 Comment | AA1: TRUE / FALSE | AB1: DOJ by Seniority List | AC1: DOJ by ERP System
A2: FEB-2006 | B2: 37 | C2: 180 | D2: 13868 | E2: 28-02-2006 | F2: 8761 | G2: 501 | H2: MR SUNIL B BODAKE | I2: DRIVER | J2: 4000 | K2: 2000 | L2: 1260 | M2: 7260 | N2: =ROUND(M2*10%,0) -> 726 | O2: 0 | P2: =O2-N2 -> -726 | Q2: 0 | R2: 0 | S2: 0 | T2: 38749 | U2: 38776 | V2: Entry to be Deleted. Checked and Verified. | W2: Old Pension Employee | Y2: =VLOOKUP(F:F,'dcpsjan-2006'!F:W,21,0) -> #REF! | Z2: =VLOOKUP(F:F,'dcpsjan-2006'!F:W,22,0) -> #REF! | AA2: =IF(Y2=V2,TRUE,FALSE) -> #REF! | AB2: =VLOOKUP(F:F,[1]Master!B:U,9,0) -> #N/A | AC2: =VLOOKUP(F:F,'[2]All Employee Master Data'!$A:$E,4,0) -> 01.05.2003 | IY2: Correct Entry. Checked and Verified.
A3: FEB-2006 | B3: 37 | C3: 180 | D3: 13947 | E3: 28-02-2006 | F3: 8778 | G3: 2525 | H3: 5R.J.S. KURESHI | I3: BIGARI | J3: 2750 | K3: 1375 | L3: 866 | M3: 4991 | N3: =ROUND(M3*10%,0) -> 499 | O3: 0 | P3: =O3-N3 -> -499 | Q3: 0 | R3: 0 | S3: 0 | T3: 38749 | U3: 38776 | V3: Entry to be Deleted. Checked and Verified. | W3: Old Pension Employee | Y3: =VLOOKUP(F:F,'dcpsjan-2006'!F:W,21,0) -> #N/A | Z3: =VLOOKUP(F:F,'dcpsjan-2006'!F:W,22,0) -> #N/A | AA3: =IF(Y3=V3,TRUE,FALSE) -> #N/A | AB3: =VLOOKUP(F:F,[1]Master!B:U,9,0) -> #N/A | AC3: =VLOOKUP(F:F,'[2]All Employee Master Data'!$A:$E,4,0) -> 01.05.2003 | IY3: New Entry Added. Checked and Verified.
A4: FEB-2006 | B4: 37 | C4: 183 | D4: 14010 | E4: 28-02-2006 | F4: 8762 | G4: 3006 | H4: SMT SANGITA J TAMBE | I4: SWEEPER | J4: 2750 | K4: 1375 | L4: 866 | M4: 4991 | N4: =ROUND(M4*10%,0) -> 499 | O4: 0 | P4: =O4-N4 -> -499 | Q4: 0 | R4: 0 | S4: 0 | T4: 38749 | U4: 38776 | V4: Entry to be Deleted. Checked and Verified. | W4: Old Pension Employee | Y4: =VLOOKUP(F:F,'dcpsjan-2006'!F:W,21,0) -> #REF! | Z4: =VLOOKUP(F:F,'dcpsjan-2006'!F:W,22,0) -> #REF! | AA4: =IF(Y4=V4,TRUE,FALSE) -> #REF! | AB4: =VLOOKUP(F:F,[1]Master!B:U,9,0) -> #N/A | AC4: =VLOOKUP(F:F,'[2]All Employee Master Data'!$A:$E,4,0) -> 21.09.2002 | IY4: Entry Updated. Checked and Verified.
A5: FEB-2006 | B5: 37 | C5: 183 | D5: 14016 | E5: 28-02-2006 | F5: 8777 | G5: 3013 | H5: SMT PRATIBHA D BAGUL | I5: SWEEPER | J5: 2750 | K5: 1375 | L5: 866 | M5: 4991 | N5: =ROUND(M5*10%,0) -> 499 | O5: 0 | P5: =O5-N5 -> -499 | Q5: 0 | R5: 0 | S5: 0 | T5: 38749 | U5: 38776 | V5: Entry to be Deleted. Checked and Verified. | W5: Old Pension Employee | Y5: =VLOOKUP(F:F,'dcpsjan-2006'!F:W,21,0) -> #N/A | Z5: =VLOOKUP(F:F,'dcpsjan-2006'!F:W,22,0) -> #N/A | AA5: =IF(Y5=V5,TRUE,FALSE) -> #N/A | AB5: =VLOOKUP(F:F,[1]Master!B:U,9,0) -> #N/A | AC5: =VLOOKUP(F:F,'[2]All Employee Master Data'!$A:$E,4,0) -> 24.05.2003 | IY5: Entry to be Deleted. Checked and Verified.
A6: FEB-2006 | B6: 37 | C6: 183 | D6: 14018 | E6: 28-02-2006 | F6: 8776 | G6: 3015 | H6: MR SANTOSH D SAKAT | I6: SWEEPER | J6: 2820 | K6: 1410 | L6: 888 | M6: 5118 | N6: =ROUND(M6*10%,0) -> 512 | O6: 0 | P6: =O6-N6 -> -512 | Q6: 0 | R6: 0 | S6: 0 | T6: 38749 | U6: 38776 | V6: Entry to be Deleted. Checked and Verified. | W6: Old Pension Employee | Y6: =VLOOKUP(F:F,'dcpsjan-2006'!F:W,21,0) -> #REF! | Z6: =VLOOKUP(F:F,'dcpsjan-2006'!F:W,22,0) -> #REF! | AA6: =IF(Y6=V6,TRUE,FALSE) -> #REF! | AB6: =VLOOKUP(F:F,[1]Master!B:U,9,0) -> #N/A | AC6: =VLOOKUP(F:F,'[2]All Employee Master Data'!$A:$E,4,0) -> 26.05.2003
A7: FEB-2006 | B7: 37 | C7: 183 | D7: 14019 | E7: 28-02-2006 | F7: 8779 | G7: 3016 | H7: MR. SHIVAJI P GAWARE | I7: SWEEPER | J7: 2750 | K7: 1375 | L7: 866 | M7: 4991 | N7: =ROUND(M7*10%,0) -> 499 | O7: 0 | P7: =O7-N7 -> -499 | Q7: 0 | R7: 0 | S7: 0 | T7: 38749 | U7: 38776 | V7: Entry to be Deleted. Checked and Verified. | W7: Old Pension Employee | Y7: =VLOOKUP(F:F,'dcpsjan-2006'!F:W,21,0) -> #N/A | Z7: =VLOOKUP(F:F,'dcpsjan-2006'!F:W,22,0) -> #N/A | AA7: =IF(Y7=V7,TRUE,FALSE) -> #N/A | AB7: =VLOOKUP(F:F,[1]Master!B:U,9,0) -> #N/A | AC7: =VLOOKUP(F:F,'[2]All Employee Master Data'!$A:$E,4,0) -> 09.11.2002
A8: FEB-2006 | B8: 37 | C8: 183 | D8: 14019 | E8: 28-02-2006 | F8: 8780 | G8: 3016 | H8: MR. ANIL U GANGURDE | I8: SWEEPER | J8: 2750 | K8: 1375 | L8: 866 | M8: 4991 | N8: =ROUND(M8*10%,0) -> 499 | O8: 0 | P8: =O8-N8 -> -499 | Q8: 0 | R8: 0 | S8: 0 | T8: 38749 | U8: 38776 | V8: Entry to be Deleted. Checked and Verified. | W8: Old Pension Employee | Y8: =VLOOKUP(F:F,'dcpsjan-2006'!F:W,21,0) -> #N/A | Z8: =VLOOKUP(F:F,'dcpsjan-2006'!F:W,22,0) -> #N/A | AA8: =IF(Y8=V8,TRUE,FALSE) -> #N/A | AB8: =VLOOKUP(F:F,[1]Master!B:U,9,0) -> #N/A | AC8: =VLOOKUP(F:F,'[2]All Employee Master Data'!$A:$E,4,0) -> 14.11.2002
A9: FEB-2006 | B9: 37 | C9: 183 | D9: 14026 | E9: 28-02-2006 | F9: 8781 | G9: 3512 | H9: MR. DEEPAK A KALE | I9: SWEEPER | J9: 2750 | K9: 1375 | L9: 866 | M9: 4991 | N9: =ROUND(M9*10%,0) -> 499 | O9: 0 | P9: =O9-N9 -> -499 | Q9: 0 | R9: 0 | S9: 0 | T9: 38749 | U9: 38776 | V9: Entry to be Deleted. Checked and Verified. | W9: Old Pension Employee | Y9: =VLOOKUP(F:F,'dcpsjan-2006'!F:W,21,0) -> #N/A | Z9: =VLOOKUP(F:F,'dcpsjan-2006'!F:W,22,0) -> #N/A | AA9: =IF(Y9=V9,TRUE,FALSE) -> #N/A | AB9: =VLOOKUP(F:F,[1]Master!B:U,9,0) -> #N/A | AC9: =VLOOKUP(F:F,'[2]All Employee Master Data'!$A:$E,4,0) -> 05.09.2002
A10: FEB-2006 | B10: 37 | C10: 180 | D10: 13896 | E10: 28-02-2006 | F10: 5914 | G10: 5002 | H10: SMT VARSHA V MALVE | I10: LAB TECH. | J10: 1400 | K10: 371 | L10: 2842 | M10: 4242 | N10: =ROUND(M10*10%,0) -> 424 | O10: 200 | P10: =O10-N10 -> -224 | Q10: 0 | R10: 0 | S10: 0 | T10: 38749 | U10: 38776 | V10: Entry to be Deleted. Checked and Verified. | W10: Old Pension Employee | Y10: =VLOOKUP(F:F,'dcpsjan-2006'!F:W,21,0) -> #REF! | Z10: =VLOOKUP(F:F,'dcpsjan-2006'!F:W,22,0) -> #REF! | AA10: =IF(Y10=V10,TRUE,FALSE) -> #REF! | AB10: =VLOOKUP(F:F,[1]Master!B:U,9,0) -> 01.01.1996 | AC10: =VLOOKUP(F:F,'[2]All Employee Master Data'!$A:$E,4,0) -> 03.11.2006
A11: FEB-2006 | B11: 37 | C11: 181 | D11: 13958 | E11: 28-02-2006 | F11: 8767 | G11: 8001 | H11: MR R S MORE | I11: CLERK | J11: 4600 | K11: 2300 | L11: 1449 | M11: 8349 | N11: =ROUND(M11*10%,0) -> 835 | O11: 500 | P11: =O11-N11 -> -335 | Q11: 485 | R11: 8 | S11: 20 | T11: 38749 | U11: 38776 | V11: Entry to be Deleted. Checked and Verified. | W11: Old Pension Employee | Y11: =VLOOKUP(F:F,'dcpsjan-2006'!F:W,21,0) -> #REF! | Z11: =VLOOKUP(F:F,'dcpsjan-2006'!F:W,22,0) -> #REF! | AA11: =IF(Y11=V11,TRUE,FALSE) -> #REF! | AB11: =VLOOKUP(F:F,[1]Master!B:U,9,0) -> #N/A | AC11: =VLOOKUP(F:F,'[2]All Employee Master Data'!$A:$E,4,0) -> 24.12.1999

Sheet dcpsmar-2006
A1: Month-Year | B1: Bunch No | C1: File No | D1: Voucher No | E1: Voucher Date | F1: Pay Center | G1: Emp No | H1: Emp Name | I1: Designation | J1: Basic | K1: Grade Pay | L1: DA | M1: Total (Basic+GP+DA) | N1: Ideal Contribution | O1: DCPS Contribution | P1: Difference in Contribution | Q1: DCPS Loan Recovery Amount | R1: DCPS Loan Inst No | S1: DCPS Loan Total Inst No | T1: Salary Start Date | U1: Salary End Date | V1: Remark | W1: Reason | Y1: Feb 2006 Remark | Z1: Feb 2006 Comment | AA1: TRUE / FALSE | AB1: DOJ by Seniority List | AC1: DOJ by ERP System
A2: MAR-2006 | B2: 1 | C2: 1 | D2: 3 | E2: 38780 | F2: 8761 | G2: 501 | H2: MR SUNIL B BODAKE | I2: DRIVER | J2: 4000 | K2: 2000 | L2: 1260 | M2: 7260 | N2: =ROUND(M2*10%,0) -> 726 | O2: 250 | P2: =O2-N2 -> -476 | Q2: 0 | R2: 0 | S2: 0 | T2: 38777 | U2: 38807 | V2: Entry to be Deleted. Checked and Verified. | W2: Old Pension Employee | Y2: =VLOOKUP(F:F,'dcpsfeb-2006'!F:W,21,0) -> #REF! | Z2: =VLOOKUP(F:F,'dcpsfeb-2006'!F:W,22,0) -> #REF! | AA2: =IF(Y2=V2,TRUE,FALSE) -> #REF! | AB2: =VLOOKUP(F:F,[1]Master!B:U,9,0) -> #N/A | AC2: =VLOOKUP(F:F,'[2]All Employee Master Data'!$A:$E,4,0) -> 01.05.2003 | IY2: Correct Entry. Checked and Verified.
A3: MAR-2006 | B3: 1 | C3: 2 | D3: 82 | E3: 38780 | F3: 8778 | G3: 2525 | H3: 5R.J.S. KURESHI | I3: BIGARI | J3: 2750 | K3: 1375 | L3: 866 | M3: 4991 | N3: =ROUND(M3*10%,0) -> 499 | O3: 200 | P3: =O3-N3 -> -299 | Q3: 0 | R3: 0 | S3: 0 | T3: 38777 | U3: 38807 | V3: Entry to be Deleted. Checked and Verified. | W3: Old Pension Employee | Y3: =VLOOKUP(F:F,'dcpsfeb-2006'!F:W,21,0) -> #REF! | Z3: =VLOOKUP(F:F,'dcpsfeb-2006'!F:W,22,0) -> #REF! | AA3: =IF(Y3=V3,TRUE,FALSE) -> #REF! | AB3: =VLOOKUP(F:F,[1]Master!B:U,9,0) -> #N/A | AC3: =VLOOKUP(F:F,'[2]All Employee Master Data'!$A:$E,4,0) -> 01.05.2003 | IY3: New Entry Added. Checked and Verified.
A4: MAR-2006 | B4: 1 | C4: 4 | D4: 144 | E4: 38780 | F4: 8762 | G4: 3006 | H4: SMT SANGITA J TAMBE | I4: SWEEPER | J4: 2750 | K4: 1375 | L4: 866 | M4: 4991 | N4: =ROUND(M4*10%,0) -> 499 | O4: 200 | P4: =O4-N4 -> -299 | Q4: 0 | R4: 0 | S4: 0 | T4: 38777 | U4: 38807 | V4: Entry to be Deleted. Checked and Verified. | W4: Old Pension Employee | Y4: =VLOOKUP(F:F,'dcpsfeb-2006'!F:W,21,0) -> #REF! | Z4: =VLOOKUP(F:F,'dcpsfeb-2006'!F:W,22,0) -> #REF! | AA4: =IF(Y4=V4,TRUE,FALSE) -> #REF! | AB4: =VLOOKUP(F:F,[1]Master!B:U,9,0) -> #N/A | AC4: =VLOOKUP(F:F,'[2]All Employee Master Data'!$A:$E,4,0) -> 21.09.2002 | IY4: Entry Updated. Checked and Verified.
A5: MAR-2006 | B5: 1 | C5: 4 | D5: 146 | E5: 38780 | F5: 8785 | G5: 3009 | H5: MR SANJIT R RIDLON | I5: SWEEPER | J5: 2750 | K5: 1375 | L5: 866 | M5: 4991 | N5: =ROUND(M5*10%,0) -> 499 | O5: 0 | P5: =O5-N5 -> -499 | Q5: 0 | R5: 0 | S5: 0 | T5: 38777 | U5: 38807 | V5: Entry to be Deleted. Checked and Verified. | W5: Old Pension Employee | Y5: =VLOOKUP(F:F,'dcpsfeb-2006'!F:W,21,0) -> #N/A | Z5: =VLOOKUP(F:F,'dcpsfeb-2006'!F:W,22,0) -> #N/A | AA5: =IF(Y5=V5,TRUE,FALSE) -> #N/A | AB5: =VLOOKUP(F:F,[1]Master!B:U,9,0) -> #N/A | AC5: =VLOOKUP(F:F,'[2]All Employee Master Data'!$A:$E,4,0) -> 08.10.2002 | IY5: Entry to be Deleted. Checked and Verified.
A6: MAR-2006 | B6: 1 | C6: 4 | D6: 150 | E6: 38780 | F6: 8777 | G6: 3013 | H6: SMT PRATIBHA D BAGUL | I6: SWEEPER | J6: 2750 | K6: 1375 | L6: 866 | M6: 4991 | N6: =ROUND(M6*10%,0) -> 499 | O6: 200 | P6: =O6-N6 -> -299 | Q6: 0 | R6: 0 | S6: 0 | T6: 38777 | U6: 38807 | V6: Entry to be Deleted. Checked and Verified. | W6: Old Pension Employee | Y6: =VLOOKUP(F:F,'dcpsfeb-2006'!F:W,21,0) -> #REF! | Z6: =VLOOKUP(F:F,'dcpsfeb-2006'!F:W,22,0) -> #REF! | AA6: =IF(Y6=V6,TRUE,FALSE) -> #REF! | AB6: =VLOOKUP(F:F,[1]Master!B:U,9,0) -> #N/A | AC6: =VLOOKUP(F:F,'[2]All Employee Master Data'!$A:$E,4,0) -> 24.05.2003
A7: MAR-2006 | B7: 1 | C7: 4 | D7: 152 | E7: 38780 | F7: 8776 | G7: 3015 | H7: MR SANTOSH D SAKAT | I7: SWEEPER | J7: 2820 | K7: 1410 | L7: 888 | M7: 5118 | N7: =ROUND(M7*10%,0) -> 512 | O7: 200 | P7: =O7-N7 -> -312 | Q7: 0 | R7: 0 | S7: 0 | T7: 38777 | U7: 38807 | V7: Entry to be Deleted. Checked and Verified. | W7: Old Pension Employee | Y7: =VLOOKUP(F:F,'dcpsfeb-2006'!F:W,21,0) -> #REF! | Z7: =VLOOKUP(F:F,'dcpsfeb-2006'!F:W,22,0) -> #REF! | AA7: =IF(Y7=V7,TRUE,FALSE) -> #REF! | AB7: =VLOOKUP(F:F,[1]Master!B:U,9,0) -> #N/A | AC7: =VLOOKUP(F:F,'[2]All Employee Master Data'!$A:$E,4,0) -> 26.05.2003
A8: MAR-2006 | B8: 1 | C8: 4 | D8: 153 | E8: 38780 | F8: 8779 | G8: 3016 | H8: MR. SHIVAJI P GAWARE | I8: SWEEPER | J8: 2661 | K8: 1331 | L8: 838 | M8: 4830 | N8: =ROUND(M8*10%,0) -> 483 | O8: 200 | P8: =O8-N8 -> -283 | Q8: 0 | R8: 0 | S8: 0 | T8: 38777 | U8: 38807 | V8: Entry to be Deleted. Checked and Verified. | W8: Old Pension Employee | Y8: =VLOOKUP(F:F,'dcpsfeb-2006'!F:W,21,0) -> #REF! | Z8: =VLOOKUP(F:F,'dcpsfeb-2006'!F:W,22,0) -> #REF! | AA8: =IF(Y8=V8,TRUE,FALSE) -> #REF! | AB8: =VLOOKUP(F:F,[1]Master!B:U,9,0) -> #N/A | AC8: =VLOOKUP(F:F,'[2]All Employee Master Data'!$A:$E,4,0) -> 09.11.2002
A9: MAR-2006 | B9: 1 | C9: 4 | D9: 153 | E9: 38780 | F9: 8780 | G9: 3016 | H9: MR. ANIL U GANGURDE | I9: SWEEPER | J9: 2750 | K9: 1375 | L9: 866 | M9: 4991 | N9: =ROUND(M9*10%,0) -> 499 | O9: 200 | P9: =O9-N9 -> -299 | Q9: 0 | R9: 0 | S9: 0 | T9: 38777 | U9: 38807 | V9: Entry to be Deleted. Checked and Verified. | W9: Old Pension Employee | Y9: =VLOOKUP(F:F,'dcpsfeb-2006'!F:W,21,0) -> #REF! | Z9: =VLOOKUP(F:F,'dcpsfeb-2006'!F:W,22,0) -> #REF! | AA9: =IF(Y9=V9,TRUE,FALSE) -> #REF! | AB9: =VLOOKUP(F:F,[1]Master!B:U,9,0) -> #N/A | AC9: =VLOOKUP(F:F,'[2]All Employee Master Data'!$A:$E,4,0) -> 14.11.2002
A10: MAR-2006 | B10: 1 | C10: 4 | D10: 21 | E10: 38780 | F10: 8781 | G10: 3512 | H10: MR. DEEPAK A KALE | I10: SWEEPER | J10: 2750 | K10: 1375 | L10: 866 | M10: 4991 | N10: =ROUND(M10*10%,0) -> 499 | O10: 200 | P10: =O10-N10 -> -299 | Q10: 0 | R10: 0 | S10: 0 | T10: 38777 | U10: 38807 | V10: Entry to be Deleted. Checked and Verified. | W10: Old Pension Employee | Y10: =VLOOKUP(F:F,'dcpsfeb-2006'!F:W,21,0) -> #REF! | Z10: =VLOOKUP(F:F,'dcpsfeb-2006'!F:W,22,0) -> #REF! | AA10: =IF(Y10=V10,TRUE,FALSE) -> #REF! | AB10: =VLOOKUP(F:F,[1]Master!B:U,9,0) -> #N/A | AC10: =VLOOKUP(F:F,'[2]All Employee Master Data'!$A:$E,4,0) -> 05.09.2002
A11: MAR-2006 | B11: 1 | C11: 4 | D11: 160 | E11: 38780 | F11: 8787 | G11: 3512 | H11: MR ANIL V SHINDE | I11: SWEEPER | J11: 2750 | K11: 1375 | L11: 866 | M11: 4991 | N11: =ROUND(M11*10%,0) -> 499 | O11: 0 | P11: =O11-N11 -> -499 | Q11: 0 | R11: 0 | S11: 0 | T11: 38777 | U11: 38807 | V11: Entry to be Deleted. Checked and Verified. | W11: Old Pension Employee | Y11: =VLOOKUP(F:F,'dcpsfeb-2006'!F:W,21,0) -> #N/A | Z11: =VLOOKUP(F:F,'dcpsfeb-2006'!F:W,22,0) -> #N/A | AA11: =IF(Y11=V11,TRUE,FALSE) -> #N/A | AB11: =VLOOKUP(F:F,[1]Master!B:U,9,0) -> #N/A | AC11: =VLOOKUP(F:F,'[2]All Employee Master Data'!$A:$E,4,0) -> 05.09.2002
A12: MAR-2006 | B12: 1 | C12: 4 | D12: 160 | E12: 38780 | F12: 8788 | G12: 3512 | H12: MR RAHUL D GAIKWAD | I12: SWEEPER | J12: 2750 | K12: 1375 | L12: 866 | M12: 4991 | N12: =ROUND(M12*10%,0) -> 499 | O12: 0 | P12: =O12-N12 -> -499 | Q12: 0 | R12: 0 | S12: 0 | T12: 38777 | U12: 38807 | V12: Entry to be Deleted. Checked and Verified. | W12: Old Pension Employee | Y12: =VLOOKUP(F:F,'dcpsfeb-2006'!F:W,21,0) -> #N/A | Z12: =VLOOKUP(F:F,'dcpsfeb-2006'!F:W,22,0) -> #N/A | AA12: =IF(Y12=V12,TRUE,FALSE) -> #N/A | AB12: =VLOOKUP(F:F,[1]Master!B:U,9,0) -> #N/A | AC12: =VLOOKUP(F:F,'[2]All Employee Master Data'!$A:$E,4,0) -> 13.09.2002
A13: MAR-2006 | B13: 1 | C13: 4 | D13: 160 | E13: 38780 | F13: 8789 | G13: 3512 | H13: MR SUHAS U NITNAVARE | I13: SWEEPER | J13: 2750 | K13: 1375 | L13: 866 | M13: 4991 | N13: =ROUND(M13*10%,0) -> 499 | O13: 0 | P13: =O13-N13 -> -499 | Q13: 0 | R13: 0 | S13: 0 | T13: 38777 | U13: 38807 | V13: Entry to be Deleted. Checked and Verified. | W13: Old Pension Employee | Y13: =VLOOKUP(F:F,'dcpsfeb-2006'!F:W,21,0) -> #N/A | Z13: =VLOOKUP(F:F,'dcpsfeb-2006'!F:W,22,0) -> #N/A | AA13: =IF(Y13=V13,TRUE,FALSE) -> #N/A | AB13: =VLOOKUP(F:F,[1]Master!B:U,9,0) -> #N/A | AC13: =VLOOKUP(F:F,'[2]All Employee Master Data'!$A:$E,4,0) -> 08.11.2002
A14: MAR-2006 | B14: 1 | C14: 1 | D14: 31 | E14: 38780 | F14: 5914 | G14: 5002 | H14: SMT VARSHA V MALVE | I14: LAB TECH. | J14: 1400 | K14: 0 | L14: 2842 | M14: 4242 | N14: =ROUND(M14*10%,0) -> 424 | O14: 200 | P14: =O14-N14 -> -224 | Q14: 0 | R14: 0 | S14: 0 | T14: 38777 | U14: 38807 | V14: Entry to be Deleted. Checked and Verified. | W14: Old Pension Employee | Y14: =VLOOKUP(F:F,'dcpsfeb-2006'!F:W,21,0) -> #REF! | Z14: =VLOOKUP(F:F,'dcpsfeb-2006'!F:W,22,0) -> #REF! | AA14: =IF(Y14=V14,TRUE,FALSE) -> #REF! | AB14: =VLOOKUP(F:F,[1]Master!B:U,9,0) -> 01.01.1996 | AC14: =VLOOKUP(F:F,'[2]All Employee Master Data'!$A:$E,4,0) -> 03.11.2006
A15: MAR-2006 | B15: 1 | C15: 2 | D15: 93 | E15: 38780 | F15: 8767 | G15: 8001 | H15: MR R S MORE | I15: CLERK | J15: 4600 | K15: 2300 | L15: 1449 | M15: 8349 | N15: =ROUND(M15*10%,0) -> 835 | O15: 600 | P15: =O15-N15 -> -235 | Q15: 485 | R15: 9 | S15: 20 | T15: 38777 | U15: 38807 | V15: Entry to be Deleted. Checked and Verified. | W15: Old Pension Employee | Y15: =VLOOKUP(F:F,'dcpsfeb-2006'!F:W,21,0) -> #REF! | Z15: =VLOOKUP(F:F,'dcpsfeb-2006'!F:W,22,0) -> #REF! | AA15: =IF(Y15=V15,TRUE,FALSE) -> #REF! | AB15: =VLOOKUP(F:F,[1]Master!B:U,9,0) -> #N/A | AC15: =VLOOKUP(F:F,'[2]All Employee Master Data'!$A:$E,4,0) -> 24.12.1999
